<?xml version="1.0" encoding="UTF-8"?>
<!DOCTYPE suite SYSTEM "https://testng.org/testng-1.0.dtd">
<suite name="AssignmentSuite">
  <test thread-count="5" name="GroupsTestNG">
<groups>
<run>
<include name="smoke"/>
<exclude name="regression"/>
</run>
</groups>
    <classes>
      <class name="testngassignment.FundTransfer"/>
      <class name="testngassignment.PurchaseForeignCurrency"/>
      <class name="testngassignment.NegativeTestCase"/>
    </classes>
  </test> <!-- GroupsTestNG -->
</suite> <!-- AssignmentSuite -->
